{
  "描述统计": {
    "总体": {
      "甲烷(ppm)": {
        "count": 40.0,
        "mean": 89.72372374999992,
        "std": 339.9922083032812,
        "min": 0.631833333333333,
        "25%": 2.1350708333333324,
        "50%": 2.30208666666667,
        "75%": 4.738741666666668,
        "max": 2052.39033333333
      },
      "氧化亚氮(ppm)": {
        "count": 20.0,
        "mean": 0.4506588166666667,
        "std": 0.18613002443954385,
        "min": 0.382523333333333,
        "25%": 0.399065083333333,
        "50%": 0.4127151666666665,
        "75%": 0.41775966666666675,
        "max": 1.239205
      },
      "CO2": {
        "count": 39.0,
        "mean": 2003.5536923076927,
        "std": 3261.2312181413863,
        "min": 566.075,
        "25%": 705.5,
        "50%": 953.0,
        "75%": 1615.0,
        "max": 19234.5371
      },
      "CO2本底值": {
        "count": 40.0,
        "mean": 594.075,
        "std": 75.6287787782348,
        "min": 450.0,
        "25%": 566.0,
        "50%": 610.5,
        "75%": 650.0,
        "max": 736.0
      },
      "O2(%vol)": {
        "count": 40.0,
        "mean": 22.009999999999998,
        "std": 0.9336446367287227,
        "min": 20.9,
        "25%": 21.175,
        "50%": 22.0,
        "75%": 22.375,
        "max": 25.0
      },
      "O2本底值": {
        "count": 40.0,
        "mean": 20.9,
        "std": 0.0,
        "min": 20.9,
        "25%": 20.9,
        "50%": 20.9,
        "75%": 20.9,
        "max": 20.9
      },
      "VOCs(ppb)": {
        "count": 40.0,
        "mean": 512.625,
        "std": 160.54293898023127,
        "min": 238.0,
        "25%": 383.5,
        "50%": 493.5,
        "75%": 619.5,
        "max": 869.0
      },
      "VOCs本底值": {
        "count": 40.0,
        "mean": 214.25,
        "std": 81.92797024028063,
        "min": 79.0,
        "25%": 143.25,
        "50%": 195.0,
        "75%": 291.75,
        "max": 330.0
      },
      "气温（℃）": {
        "count": 40.0,
        "mean": 11.35,
        "std": 6.59273103987282,
        "min": 1.0,
        "25%": 1.0,
        "50%": 14.0,
        "75%": 16.0,
        "max": 18.0
      },
      "DO(mg/L)": {
        "count": 18.0,
        "mean": 4.799444444444444,
        "std": 2.2558381049081415,
        "min": 0.95,
        "25%": 3.0650000000000004,
        "50%": 4.43,
        "75%": 6.4775,
        "max": 10.45
      },
      "NaCl(mg/L)": {
        "count": 17.0,
        "mean": 499.5882352941176,
        "std": 151.252297017074,
        "min": 330.0,
        "25%": 379.0,
        "50%": 475.0,
        "75%": 588.0,
        "max": 873.0
      },
      "电导率(uS/cm)": {
        "count": 18.0,
        "mean": 777.3694444444444,
        "std": 288.1259085165663,
        "min": 21.65,
        "25%": 630.75,
        "50%": 763.0,
        "75%": 963.0,
        "max": 1279.0
      },
      "液温": {
        "count": 18.0,
        "mean": 15.422222222222224,
        "std": 3.3010792451873274,
        "min": 8.1,
        "25%": 13.7,
        "50%": 16.25,
        "75%": 17.65,
        "max": 20.3
      },
      "pH": {
        "count": 18.0,
        "mean": 7.785555555555555,
        "std": 0.8536028985990687,
        "min": 6.48,
        "25%": 7.205,
        "50%": 7.6,
        "75%": 8.635,
        "max": 9.25
      },
      "H2S": {
        "count": 3.0,
        "mean": 2.5333333333333337,
        "std": 2.138535324312725,
        "min": 1.2,
        "25%": 1.2999999999999998,
        "50%": 1.4,
        "75%": 3.2,
        "max": 5.0
      },
      "TOC（mg/L)": {
        "count": 18.0,
        "mean": 44.51883333333333,
        "std": 30.953175186837598,
        "min": 8.979,
        "25%": 23.1725,
        "50%": 37.120000000000005,
        "75%": 52.878,
        "max": 124.0
      },
      "TC(mg/L)": {
        "count": 18.0,
        "mean": 114.87277777777778,
        "std": 44.5779275117387,
        "min": 43.46,
        "25%": 81.715,
        "50%": 102.625,
        "75%": 141.24,
        "max": 203.28
      },
      "IC(mg/L)": {
        "count": 18.0,
        "mean": 70.34155555555556,
        "std": 27.68945434047415,
        "min": 25.614,
        "25%": 58.538,
        "50%": 66.175,
        "75%": 83.78999999999999,
        "max": 129.3
      },
      "总氮（mg/L)": {
        "count": 18.0,
        "mean": 46.79183333333333,
        "std": 39.38788030114907,
        "min": 5.01,
        "25%": 17.439999999999998,
        "50%": 32.135,
        "75%": 74.165,
        "max": 124.82
      },
      "总磷（mg/L)": {
        "count": 18.0,
        "mean": 3.855555555555556,
        "std": 2.826507348451384,
        "min": 0.23,
        "25%": 1.2225,
        "50%": 3.63,
        "75%": 6.2925,
        "max": 8.4
      },
      "铵态氮（mg/L)": {
        "count": 18.0,
        "mean": 36.720555555555556,
        "std": 37.844445465806196,
        "min": 0.06,
        "25%": 6.640000000000001,
        "50%": 19.634999999999998,
        "75%": 66.575,
        "max": 114.05
      },
      "硝态氮（mg/L)": {
        "count": 18.0,
        "mean": 0.8788888888888889,
        "std": 1.146292688672738,
        "min": 0.01,
        "25%": 0.0575,
        "50%": 0.36,
        "75%": 1.0025,
        "max": 3.41
      },
      "COD（mg/L)": {
        "count": 18.0,
        "mean": 1130.3394444444446,
        "std": 2802.5131586519487,
        "min": 14.06,
        "25%": 41.525,
        "50%": 314.33500000000004,
        "75%": 876.935,
        "max": 12139.18
      },
      "采样时间": {
        "count": 40.0,
        "mean": 2.80475,
        "std": 1.668103464017345,
        "min": 1.15,
        "25%": 1.19,
        "50%": 2.6449999999999996,
        "75%": 4.2,
        "max": 4.8
      },
      "NO2（ppm）": {
        "count": 20.0,
        "mean": 1.9625883333333327,
        "std": 4.2649861648620675,
        "min": 0.214466666666667,
        "25%": 0.38518333333333327,
        "50%": 0.56225,
        "75%": 1.6505416666666701,
        "max": 19.6573333333333
      },
      "固总碳（g/kg)": {
        "count": 2.0,
        "mean": 197.3625040054323,
        "std": 144.38144741940567,
        "min": 95.2694034576416,
        "25%": 146.31595373153695,
        "50%": 197.3625040054323,
        "75%": 248.40905427932765,
        "max": 299.455604553223
      },
      "DOC(mg/kg)": {
        "count": 2.0,
        "mean": 3332.8587601065524,
        "std": 4498.711980295581,
        "min": 151.789012234385,
        "25%": 1742.3238861704685,
        "50%": 3332.8587601065524,
        "75%": 4923.393634042636,
        "max": 6513.92850797872
      },
      "全磷（g/kg)": {
        "count": 2.0,
        "mean": 2.105,
        "std": 0.7990306627407986,
        "min": 1.54,
        "25%": 1.8225,
        "50%": 2.105,
        "75%": 2.3875,
        "max": 2.67
      },
      "有机碳（g/kg)": {
        "count": 2.0,
        "mean": 120.8124266611877,
        "std": 120.33937091902007,
        "min": 35.7196414406254,
        "25%": 78.26603405090655,
        "50%": 120.8124266611877,
        "75%": 163.35881927146886,
        "max": 205.90521188175
      },
      "无机碳（g/kg)": {
        "count": 2.0,
        "mean": 8.780000000000001,
        "std": 0.5232590180780453,
        "min": 8.41,
        "25%": 8.595,
        "50%": 8.780000000000001,
        "75%": 8.965,
        "max": 9.15
      },
      "（固）铵态氮（mg/kg）": {
        "count": 2.0,
        "mean": 478.84499999999997,
        "std": 671.6736603812896,
        "min": 3.9,
        "25%": 241.3725,
        "50%": 478.84499999999997,
        "75%": 716.3175,
        "max": 953.79
      },
      "（固）硝态氮（mg/kg）": {
        "count": 2.0,
        "mean": 1.2599999999999998,
        "std": 0.18384776310850234,
        "min": 1.13,
        "25%": 1.1949999999999998,
        "50%": 1.2599999999999998,
        "75%": 1.325,
        "max": 1.39
      },
      "CH4_ppm": {
        "count": 40.0,
        "mean": 89.72372374999992,
        "std": 339.9922083032812,
        "min": 0.631833333333333,
        "25%": 2.1350708333333324,